fid,node_id,is_zone,zone_type,is_count,station_id,Cluster_1,layer,path
1,1,1,external,1,"502",1,External Internal Stations Gorbeialdea,B:/QGIS Files Gorbeialdea/External Internal Stations Gorbeialdea.gpkg|layername=External Internal Stations Gorbeialdea
2,2,1,external,1,"800",1,External Internal Stations Gorbeialdea,B:/QGIS Files Gorbeialdea/External Internal Stations Gorbeialdea.gpkg|layername=External Internal Stations Gorbeialdea
3,3,1,external,1,"770",,External Internal Stations Gorbeialdea,B:/QGIS Files Gorbeialdea/External Internal Stations Gorbeialdea.gpkg|layername=External Internal Stations Gorbeialdea
4,4,1,external,1,"504",2,External Internal Stations Gorbeialdea,B:/QGIS Files Gorbeialdea/External Internal Stations Gorbeialdea.gpkg|layername=External Internal Stations Gorbeialdea
5,5,1,external,1,"561",2,External Internal Stations Gorbeialdea,B:/QGIS Files Gorbeialdea/External Internal Stations Gorbeialdea.gpkg|layername=External Internal Stations Gorbeialdea
6,6,1,external,1,"4405",,External Internal Stations Gorbeialdea,B:/QGIS Files Gorbeialdea/External Internal Stations Gorbeialdea.gpkg|layername=External Internal Stations Gorbeialdea
8,8,1,external,1,"1180",3,External Internal Stations Gorbeialdea,B:/QGIS Files Gorbeialdea/External Internal Stations Gorbeialdea.gpkg|layername=External Internal Stations Gorbeialdea
9,9,1,external,1,"112",3,External Internal Stations Gorbeialdea,B:/QGIS Files Gorbeialdea/External Internal Stations Gorbeialdea.gpkg|layername=External Internal Stations Gorbeialdea
10,10,1,external,1,"4010",,External Internal Stations Gorbeialdea,B:/QGIS Files Gorbeialdea/External Internal Stations Gorbeialdea.gpkg|layername=External Internal Stations Gorbeialdea
11,11,1,external,1,"4027",4,External Internal Stations Gorbeialdea,B:/QGIS Files Gorbeialdea/External Internal Stations Gorbeialdea.gpkg|layername=External Internal Stations Gorbeialdea
12,12,1,external,0,,4,External Internal Stations Gorbeialdea,B:/QGIS Files Gorbeialdea/External Internal Stations Gorbeialdea.gpkg|layername=External Internal Stations Gorbeialdea
13,13,0,,0,,,External Internal Stations Gorbeialdea,B:/QGIS Files Gorbeialdea/External Internal Stations Gorbeialdea.gpkg|layername=External Internal Stations Gorbeialdea
14,14,1,external,1,4001-1,4,External Internal Stations Gorbeialdea,B:/QGIS Files Gorbeialdea/External Internal Stations Gorbeialdea.gpkg|layername=External Internal Stations Gorbeialdea
15,15,1,external,1,"353",,External Internal Stations Gorbeialdea,B:/QGIS Files Gorbeialdea/External Internal Stations Gorbeialdea.gpkg|layername=External Internal Stations Gorbeialdea
16,16,1,external,0,,5,External Internal Stations Gorbeialdea,B:/QGIS Files Gorbeialdea/External Internal Stations Gorbeialdea.gpkg|layername=External Internal Stations Gorbeialdea
17,17,1,external,0,,5,External Internal Stations Gorbeialdea,B:/QGIS Files Gorbeialdea/External Internal Stations Gorbeialdea.gpkg|layername=External Internal Stations Gorbeialdea
18,18,1,external,1,"951",,External Internal Stations Gorbeialdea,B:/QGIS Files Gorbeialdea/External Internal Stations Gorbeialdea.gpkg|layername=External Internal Stations Gorbeialdea
19,19,1,external,1,"1050",6,External Internal Stations Gorbeialdea,B:/QGIS Files Gorbeialdea/External Internal Stations Gorbeialdea.gpkg|layername=External Internal Stations Gorbeialdea
20,20,1,external,0,,6,External Internal Stations Gorbeialdea,B:/QGIS Files Gorbeialdea/External Internal Stations Gorbeialdea.gpkg|layername=External Internal Stations Gorbeialdea
21,22,1,external,1,"411",7,External Internal Stations Gorbeialdea,B:/QGIS Files Gorbeialdea/External Internal Stations Gorbeialdea.gpkg|layername=External Internal Stations Gorbeialdea
22,23,1,external,0,,7,External Internal Stations Gorbeialdea,B:/QGIS Files Gorbeialdea/External Internal Stations Gorbeialdea.gpkg|layername=External Internal Stations Gorbeialdea
23,24,1,external,1,"300",7,External Internal Stations Gorbeialdea,B:/QGIS Files Gorbeialdea/External Internal Stations Gorbeialdea.gpkg|layername=External Internal Stations Gorbeialdea
24,25,1,Internal,0,IZARRA,,External Internal Stations Gorbeialdea,B:/QGIS Files Gorbeialdea/External Internal Stations Gorbeialdea.gpkg|layername=External Internal Stations Gorbeialdea
25,26,1,Internal,0,MURGIA,,External Internal Stations Gorbeialdea,B:/QGIS Files Gorbeialdea/External Internal Stations Gorbeialdea.gpkg|layername=External Internal Stations Gorbeialdea
26,27,1,Internal,0,GOPEGI,,External Internal Stations Gorbeialdea,B:/QGIS Files Gorbeialdea/External Internal Stations Gorbeialdea.gpkg|layername=External Internal Stations Gorbeialdea
27,29,1,Internal,0,DURANA,,External Internal Stations Gorbeialdea,B:/QGIS Files Gorbeialdea/External Internal Stations Gorbeialdea.gpkg|layername=External Internal Stations Gorbeialdea
28,31,1,Internal,0,IBARRA,,External Internal Stations Gorbeialdea,B:/QGIS Files Gorbeialdea/External Internal Stations Gorbeialdea.gpkg|layername=External Internal Stations Gorbeialdea
29,30,1,Internal,0,LEGUTIO,,External Internal Stations Gorbeialdea,B:/QGIS Files Gorbeialdea/External Internal Stations Gorbeialdea.gpkg|layername=External Internal Stations Gorbeialdea
30,28,1,Internal,0,GOPEGI_2,,External Internal Stations Gorbeialdea,B:/QGIS Files Gorbeialdea/External Internal Stations Gorbeialdea.gpkg|layername=External Internal Stations Gorbeialdea
31,21,0,,0,,,External Internal Stations Gorbeialdea,B:/QGIS Files Gorbeialdea/External Internal Stations Gorbeialdea.gpkg|layername=External Internal Stations Gorbeialdea
32,32,1,external,1,504-1,2,External Internal Stations Gorbeialdea,B:/QGIS Files Gorbeialdea/External Internal Stations Gorbeialdea.gpkg|layername=External Internal Stations Gorbeialdea
33,33,1,external,0,,,External Internal Stations Gorbeialdea,B:/QGIS Files Gorbeialdea/External Internal Stations Gorbeialdea.gpkg|layername=External Internal Stations Gorbeialdea
34,34,1,external,1,502-1,1,External Internal Stations Gorbeialdea,B:/QGIS Files Gorbeialdea/External Internal Stations Gorbeialdea.gpkg|layername=External Internal Stations Gorbeialdea
35,35,1,external,1,112-1,3,External Internal Stations Gorbeialdea,B:/QGIS Files Gorbeialdea/External Internal Stations Gorbeialdea.gpkg|layername=External Internal Stations Gorbeialdea
36,36,1,external,0,,5,External Internal Stations Gorbeialdea,B:/QGIS Files Gorbeialdea/External Internal Stations Gorbeialdea.gpkg|layername=External Internal Stations Gorbeialdea
37,37,1,external,0,,8,External Internal Stations Gorbeialdea,B:/QGIS Files Gorbeialdea/External Internal Stations Gorbeialdea.gpkg|layername=External Internal Stations Gorbeialdea
38,38,0,,1,"760",,Internal counts Gorbeialdea final,B:/QGIS Files Gorbeialdea/Internal Count Stations Gorbeialdea.gpkg|layername=internal_count_stations_gorbeialdea
39,39,0,,1,"4422",,Internal counts Gorbeialdea final,B:/QGIS Files Gorbeialdea/Internal Count Stations Gorbeialdea.gpkg|layername=internal_count_stations_gorbeialdea
40,40,0,,1,"761",,Internal counts Gorbeialdea final,B:/QGIS Files Gorbeialdea/Internal Count Stations Gorbeialdea.gpkg|layername=internal_count_stations_gorbeialdea
41,41,0,,1,"820",,Internal counts Gorbeialdea final,B:/QGIS Files Gorbeialdea/Internal Count Stations Gorbeialdea.gpkg|layername=internal_count_stations_gorbeialdea
42,42,0,,1,821-1,,Internal counts Gorbeialdea final,B:/QGIS Files Gorbeialdea/Internal Count Stations Gorbeialdea.gpkg|layername=internal_count_stations_gorbeialdea
43,43,0,,1,"821",,Internal counts Gorbeialdea final,B:/QGIS Files Gorbeialdea/Internal Count Stations Gorbeialdea.gpkg|layername=internal_count_stations_gorbeialdea
44,44,0,,1,503-1,,Internal counts Gorbeialdea final,B:/QGIS Files Gorbeialdea/Internal Count Stations Gorbeialdea.gpkg|layername=internal_count_stations_gorbeialdea
45,45,0,,1,"564",,Internal counts Gorbeialdea final,B:/QGIS Files Gorbeialdea/Internal Count Stations Gorbeialdea.gpkg|layername=internal_count_stations_gorbeialdea
46,46,0,,1,"563",,Internal counts Gorbeialdea final,B:/QGIS Files Gorbeialdea/Internal Count Stations Gorbeialdea.gpkg|layername=internal_count_stations_gorbeialdea
47,47,0,,1,"560",,Internal counts Gorbeialdea final,B:/QGIS Files Gorbeialdea/Internal Count Stations Gorbeialdea.gpkg|layername=internal_count_stations_gorbeialdea
48,48,0,,1,"562",,Internal counts Gorbeialdea final,B:/QGIS Files Gorbeialdea/Internal Count Stations Gorbeialdea.gpkg|layername=internal_count_stations_gorbeialdea
49,49,0,,1,"4420",,Internal counts Gorbeialdea final,B:/QGIS Files Gorbeialdea/Internal Count Stations Gorbeialdea.gpkg|layername=internal_count_stations_gorbeialdea
50,50,0,,1,"503",,Internal counts Gorbeialdea final,B:/QGIS Files Gorbeialdea/Internal Count Stations Gorbeialdea.gpkg|layername=internal_count_stations_gorbeialdea
51,51,0,,1,"1123",,Internal counts Gorbeialdea final,B:/QGIS Files Gorbeialdea/Internal Count Stations Gorbeialdea.gpkg|layername=internal_count_stations_gorbeialdea
52,52,0,,1,"4413",,Internal counts Gorbeialdea final,B:/QGIS Files Gorbeialdea/Internal Count Stations Gorbeialdea.gpkg|layername=internal_count_stations_gorbeialdea
53,53,0,,1,"1120",,Internal counts Gorbeialdea final,B:/QGIS Files Gorbeialdea/Internal Count Stations Gorbeialdea.gpkg|layername=internal_count_stations_gorbeialdea
54,54,0,,1,"101",,Internal counts Gorbeialdea final,B:/QGIS Files Gorbeialdea/Internal Count Stations Gorbeialdea.gpkg|layername=internal_count_stations_gorbeialdea
55,55,0,,1,4414-1,,Internal counts Gorbeialdea final,B:/QGIS Files Gorbeialdea/Internal Count Stations Gorbeialdea.gpkg|layername=internal_count_stations_gorbeialdea
56,56,0,,1,"4419",,Internal counts Gorbeialdea final,B:/QGIS Files Gorbeialdea/Internal Count Stations Gorbeialdea.gpkg|layername=internal_count_stations_gorbeialdea
57,57,0,,1,"830",,Internal counts Gorbeialdea final,B:/QGIS Files Gorbeialdea/Internal Count Stations Gorbeialdea.gpkg|layername=internal_count_stations_gorbeialdea
58,58,0,,1,"4418",,Internal counts Gorbeialdea final,B:/QGIS Files Gorbeialdea/Internal Count Stations Gorbeialdea.gpkg|layername=internal_count_stations_gorbeialdea
59,59,0,,1,4414-2,,Internal counts Gorbeialdea final,B:/QGIS Files Gorbeialdea/Internal Count Stations Gorbeialdea.gpkg|layername=internal_count_stations_gorbeialdea
60,60,0,,1,102-1,,Internal counts Gorbeialdea final,B:/QGIS Files Gorbeialdea/Internal Count Stations Gorbeialdea.gpkg|layername=internal_count_stations_gorbeialdea
61,61,0,,1,"102",,Internal counts Gorbeialdea final,B:/QGIS Files Gorbeialdea/Internal Count Stations Gorbeialdea.gpkg|layername=internal_count_stations_gorbeialdea
62,62,0,,1,"4416",,Internal counts Gorbeialdea final,B:/QGIS Files Gorbeialdea/Internal Count Stations Gorbeialdea.gpkg|layername=internal_count_stations_gorbeialdea
63,63,0,,1,4415-2,,Internal counts Gorbeialdea final,B:/QGIS Files Gorbeialdea/Internal Count Stations Gorbeialdea.gpkg|layername=internal_count_stations_gorbeialdea
64,64,0,,1,4415-1,,Internal counts Gorbeialdea final,B:/QGIS Files Gorbeialdea/Internal Count Stations Gorbeialdea.gpkg|layername=internal_count_stations_gorbeialdea
65,65,0,,1,"4423",,Internal counts Gorbeialdea final,B:/QGIS Files Gorbeialdea/Internal Count Stations Gorbeialdea.gpkg|layername=internal_count_stations_gorbeialdea
66,66,0,,1,"4421",,Internal counts Gorbeialdea final,B:/QGIS Files Gorbeialdea/Internal Count Stations Gorbeialdea.gpkg|layername=internal_count_stations_gorbeialdea
67,67,0,,1,"4412",,Internal counts Gorbeialdea final,B:/QGIS Files Gorbeialdea/Internal Count Stations Gorbeialdea.gpkg|layername=internal_count_stations_gorbeialdea
68,68,0,,1,"4411",,Internal counts Gorbeialdea final,B:/QGIS Files Gorbeialdea/Internal Count Stations Gorbeialdea.gpkg|layername=internal_count_stations_gorbeialdea
69,69,0,,1,"1122",,Internal counts Gorbeialdea final,B:/QGIS Files Gorbeialdea/Internal Count Stations Gorbeialdea.gpkg|layername=internal_count_stations_gorbeialdea
70,70,0,,1,100-1,,Internal counts Gorbeialdea final,B:/QGIS Files Gorbeialdea/Internal Count Stations Gorbeialdea.gpkg|layername=internal_count_stations_gorbeialdea
71,71,0,,1,"1121",,Internal counts Gorbeialdea final,B:/QGIS Files Gorbeialdea/Internal Count Stations Gorbeialdea.gpkg|layername=internal_count_stations_gorbeialdea
72,72,0,,1,844-1,,Internal counts Gorbeialdea final,B:/QGIS Files Gorbeialdea/Internal Count Stations Gorbeialdea.gpkg|layername=internal_count_stations_gorbeialdea
73,73,0,,1,"1110",,Internal counts Gorbeialdea final,B:/QGIS Files Gorbeialdea/Internal Count Stations Gorbeialdea.gpkg|layername=internal_count_stations_gorbeialdea
74,74,0,,1,"1112",,Internal counts Gorbeialdea final,B:/QGIS Files Gorbeialdea/Internal Count Stations Gorbeialdea.gpkg|layername=internal_count_stations_gorbeialdea
75,75,0,,1,"1111",,Internal counts Gorbeialdea final,B:/QGIS Files Gorbeialdea/Internal Count Stations Gorbeialdea.gpkg|layername=internal_count_stations_gorbeialdea
76,76,0,,1,"4409",,Internal counts Gorbeialdea final,B:/QGIS Files Gorbeialdea/Internal Count Stations Gorbeialdea.gpkg|layername=internal_count_stations_gorbeialdea
77,77,0,,1,"4410",,Internal counts Gorbeialdea final,B:/QGIS Files Gorbeialdea/Internal Count Stations Gorbeialdea.gpkg|layername=internal_count_stations_gorbeialdea
78,78,0,,1,"842",,Internal counts Gorbeialdea final,B:/QGIS Files Gorbeialdea/Internal Count Stations Gorbeialdea.gpkg|layername=internal_count_stations_gorbeialdea
79,79,0,,1,115-1,,Internal counts Gorbeialdea final,B:/QGIS Files Gorbeialdea/Internal Count Stations Gorbeialdea.gpkg|layername=internal_count_stations_gorbeialdea
80,80,0,,1,"1181",,Internal counts Gorbeialdea final,B:/QGIS Files Gorbeialdea/Internal Count Stations Gorbeialdea.gpkg|layername=internal_count_stations_gorbeialdea
81,81,0,,1,"100",,Internal counts Gorbeialdea final,B:/QGIS Files Gorbeialdea/Internal Count Stations Gorbeialdea.gpkg|layername=internal_count_stations_gorbeialdea
82,82,0,,1,"4406",,Internal counts Gorbeialdea final,B:/QGIS Files Gorbeialdea/Internal Count Stations Gorbeialdea.gpkg|layername=internal_count_stations_gorbeialdea
83,83,0,,1,"115",,Internal counts Gorbeialdea final,B:/QGIS Files Gorbeialdea/Internal Count Stations Gorbeialdea.gpkg|layername=internal_count_stations_gorbeialdea
84,84,0,,1,"4407",,Internal counts Gorbeialdea final,B:/QGIS Files Gorbeialdea/Internal Count Stations Gorbeialdea.gpkg|layername=internal_count_stations_gorbeialdea
85,85,0,,1,"4408",,Internal counts Gorbeialdea final,B:/QGIS Files Gorbeialdea/Internal Count Stations Gorbeialdea.gpkg|layername=internal_count_stations_gorbeialdea
86,86,0,,1,"844",,Internal counts Gorbeialdea final,B:/QGIS Files Gorbeialdea/Internal Count Stations Gorbeialdea.gpkg|layername=internal_count_stations_gorbeialdea
87,87,0,,1,"310",,Internal counts Gorbeialdea final,B:/QGIS Files Gorbeialdea/Internal Count Stations Gorbeialdea.gpkg|layername=internal_count_stations_gorbeialdea
88,88,0,,1,"320",,Internal counts Gorbeialdea final,B:/QGIS Files Gorbeialdea/Internal Count Stations Gorbeialdea.gpkg|layername=internal_count_stations_gorbeialdea
89,89,0,,1,"118",,Internal counts Gorbeialdea final,B:/QGIS Files Gorbeialdea/Internal Count Stations Gorbeialdea.gpkg|layername=internal_count_stations_gorbeialdea
90,90,0,,1,"117",,Internal counts Gorbeialdea final,B:/QGIS Files Gorbeialdea/Internal Count Stations Gorbeialdea.gpkg|layername=internal_count_stations_gorbeialdea
91,91,0,,1,"111",,Internal counts Gorbeialdea final,B:/QGIS Files Gorbeialdea/Internal Count Stations Gorbeialdea.gpkg|layername=internal_count_stations_gorbeialdea
92,92,0,,1,"330",,Internal counts Gorbeialdea final,B:/QGIS Files Gorbeialdea/Internal Count Stations Gorbeialdea.gpkg|layername=internal_count_stations_gorbeialdea
93,93,0,,1,"1051",,Internal counts Gorbeialdea final,B:/QGIS Files Gorbeialdea/Internal Count Stations Gorbeialdea.gpkg|layername=internal_count_stations_gorbeialdea
94,94,0,,1,"4404",,Internal counts Gorbeialdea final,B:/QGIS Files Gorbeialdea/Internal Count Stations Gorbeialdea.gpkg|layername=internal_count_stations_gorbeialdea
95,95,0,,1,302-1,,Internal counts Gorbeialdea final,B:/QGIS Files Gorbeialdea/Internal Count Stations Gorbeialdea.gpkg|layername=internal_count_stations_gorbeialdea
96,96,0,,1,"302",,Internal counts Gorbeialdea final,B:/QGIS Files Gorbeialdea/Internal Count Stations Gorbeialdea.gpkg|layername=internal_count_stations_gorbeialdea
97,97,0,,1,"4016",,Internal counts Gorbeialdea final,B:/QGIS Files Gorbeialdea/Internal Count Stations Gorbeialdea.gpkg|layername=internal_count_stations_gorbeialdea
98,98,0,,1,113-1,,Internal counts Gorbeialdea final,B:/QGIS Files Gorbeialdea/Internal Count Stations Gorbeialdea.gpkg|layername=internal_count_stations_gorbeialdea
99,99,0,,1,"113",,Internal counts Gorbeialdea final,B:/QGIS Files Gorbeialdea/Internal Count Stations Gorbeialdea.gpkg|layername=internal_count_stations_gorbeialdea
100,100,1,Internal,1,4403-4402,,Internal counts Gorbeialdea final,B:/QGIS Files Gorbeialdea/Internal Count Stations Gorbeialdea.gpkg|layername=internal_count_stations_gorbeialdea
101,101,0,,1,"4401",,Internal counts Gorbeialdea final,B:/QGIS Files Gorbeialdea/Internal Count Stations Gorbeialdea.gpkg|layername=internal_count_stations_gorbeialdea
102,102,0,,1,116-1,,Internal counts Gorbeialdea final,B:/QGIS Files Gorbeialdea/Internal Count Stations Gorbeialdea.gpkg|layername=internal_count_stations_gorbeialdea
103,103,0,,1,"116",,Internal counts Gorbeialdea final,B:/QGIS Files Gorbeialdea/Internal Count Stations Gorbeialdea.gpkg|layername=internal_count_stations_gorbeialdea
104,104,0,,0,,,Internal counts Gorbeialdea final,B:/QGIS Files Gorbeialdea/Internal Count Stations Gorbeialdea.gpkg|layername=internal_count_stations_gorbeialdea
105,105,0,,1,"345",,Internal counts Gorbeialdea final,B:/QGIS Files Gorbeialdea/Internal Count Stations Gorbeialdea.gpkg|layername=internal_count_stations_gorbeialdea
106,106,0,,1,"4011",,Internal counts Gorbeialdea final,B:/QGIS Files Gorbeialdea/Internal Count Stations Gorbeialdea.gpkg|layername=internal_count_stations_gorbeialdea
107,107,0,,1,"346",,Internal counts Gorbeialdea final,B:/QGIS Files Gorbeialdea/Internal Count Stations Gorbeialdea.gpkg|layername=internal_count_stations_gorbeialdea
108,108,0,,1,"340",,Internal counts Gorbeialdea final,B:/QGIS Files Gorbeialdea/Internal Count Stations Gorbeialdea.gpkg|layername=internal_count_stations_gorbeialdea
109,109,0,,1,"339",,Internal counts Gorbeialdea final,B:/QGIS Files Gorbeialdea/Internal Count Stations Gorbeialdea.gpkg|layername=internal_count_stations_gorbeialdea
110,110,0,,1,"341",,Internal counts Gorbeialdea final,B:/QGIS Files Gorbeialdea/Internal Count Stations Gorbeialdea.gpkg|layername=internal_count_stations_gorbeialdea
111,111,0,,1,70-1,,Internal counts Gorbeialdea final,B:/QGIS Files Gorbeialdea/Internal Count Stations Gorbeialdea.gpkg|layername=internal_count_stations_gorbeialdea
112,112,0,,1,"4001",,Internal counts Gorbeialdea final,B:/QGIS Files Gorbeialdea/Internal Count Stations Gorbeialdea.gpkg|layername=internal_count_stations_gorbeialdea
113,113,0,,1,"63",,Internal counts Gorbeialdea final,B:/QGIS Files Gorbeialdea/Internal Count Stations Gorbeialdea.gpkg|layername=internal_count_stations_gorbeialdea
114,114,0,,1,"347",,Internal counts Gorbeialdea final,B:/QGIS Files Gorbeialdea/Internal Count Stations Gorbeialdea.gpkg|layername=internal_count_stations_gorbeialdea
115,115,0,,1,"62",,Internal counts Gorbeialdea final,B:/QGIS Files Gorbeialdea/Internal Count Stations Gorbeialdea.gpkg|layername=internal_count_stations_gorbeialdea
116,116,0,,1,"70",,Internal counts Gorbeialdea final,B:/QGIS Files Gorbeialdea/Internal Count Stations Gorbeialdea.gpkg|layername=internal_count_stations_gorbeialdea
117,117,0,,1,"410",,Internal counts Gorbeialdea final,B:/QGIS Files Gorbeialdea/Internal Count Stations Gorbeialdea.gpkg|layername=internal_count_stations_gorbeialdea
118,118,0,,1,"4024",,Internal counts Gorbeialdea final,B:/QGIS Files Gorbeialdea/Internal Count Stations Gorbeialdea.gpkg|layername=internal_count_stations_gorbeialdea
119,119,0,,1,"4023",,Internal counts Gorbeialdea final,B:/QGIS Files Gorbeialdea/Internal Count Stations Gorbeialdea.gpkg|layername=internal_count_stations_gorbeialdea
120,120,0,,1,"4026",,Internal counts Gorbeialdea final,B:/QGIS Files Gorbeialdea/Internal Count Stations Gorbeialdea.gpkg|layername=internal_count_stations_gorbeialdea
121,121,0,,1,"4025",,Internal counts Gorbeialdea final,B:/QGIS Files Gorbeialdea/Internal Count Stations Gorbeialdea.gpkg|layername=internal_count_stations_gorbeialdea
122,122,0,,1,"451",,Internal counts Gorbeialdea final,B:/QGIS Files Gorbeialdea/Internal Count Stations Gorbeialdea.gpkg|layername=internal_count_stations_gorbeialdea
123,123,0,,1,"450",,Internal counts Gorbeialdea final,B:/QGIS Files Gorbeialdea/Internal Count Stations Gorbeialdea.gpkg|layername=internal_count_stations_gorbeialdea
124,124,0,,1,"4021",,Internal counts Gorbeialdea final,B:/QGIS Files Gorbeialdea/Internal Count Stations Gorbeialdea.gpkg|layername=internal_count_stations_gorbeialdea
125,125,0,,1,"4022",,Internal counts Gorbeialdea final,B:/QGIS Files Gorbeialdea/Internal Count Stations Gorbeialdea.gpkg|layername=internal_count_stations_gorbeialdea
126,126,0,,1,"301",,Internal counts Gorbeialdea final,B:/QGIS Files Gorbeialdea/Internal Count Stations Gorbeialdea.gpkg|layername=internal_count_stations_gorbeialdea
127,127,0,,0,,,Network_nodes_draft2_Gorbeialdea,B:/QGIS Files Gorbeialdea/Network_nodes_draft2_Gorbeialdea.gpkg|layername=cleaned
128,128,0,,0,,,Network_nodes_draft2_Gorbeialdea,B:/QGIS Files Gorbeialdea/Network_nodes_draft2_Gorbeialdea.gpkg|layername=cleaned
129,129,0,,0,,,Network_nodes_draft2_Gorbeialdea,B:/QGIS Files Gorbeialdea/Network_nodes_draft2_Gorbeialdea.gpkg|layername=cleaned
130,130,0,,0,,,Network_nodes_draft2_Gorbeialdea,B:/QGIS Files Gorbeialdea/Network_nodes_draft2_Gorbeialdea.gpkg|layername=cleaned
131,131,0,,0,,,Network_nodes_draft2_Gorbeialdea,B:/QGIS Files Gorbeialdea/Network_nodes_draft2_Gorbeialdea.gpkg|layername=cleaned
132,132,1,external,1,"60",4,Network_nodes_draft2_Gorbeialdea,B:/QGIS Files Gorbeialdea/Network_nodes_draft2_Gorbeialdea.gpkg|layername=cleaned
134,134,0,,0,,,Network_nodes_draft2_Gorbeialdea,B:/QGIS Files Gorbeialdea/Network_nodes_draft2_Gorbeialdea.gpkg|layername=cleaned
135,135,0,,0,,,Network_nodes_draft2_Gorbeialdea,B:/QGIS Files Gorbeialdea/Network_nodes_draft2_Gorbeialdea.gpkg|layername=cleaned
136,136,0,,0,,,Network_nodes_draft2_Gorbeialdea,B:/QGIS Files Gorbeialdea/Network_nodes_draft2_Gorbeialdea.gpkg|layername=cleaned
137,137,0,,0,,,Network_nodes_draft2_Gorbeialdea,B:/QGIS Files Gorbeialdea/Network_nodes_draft2_Gorbeialdea.gpkg|layername=cleaned
138,138,0,,0,,,Network_nodes_draft2_Gorbeialdea,B:/QGIS Files Gorbeialdea/Network_nodes_draft2_Gorbeialdea.gpkg|layername=cleaned
139,139,0,,0,,,Network_nodes_draft2_Gorbeialdea,B:/QGIS Files Gorbeialdea/Network_nodes_draft2_Gorbeialdea.gpkg|layername=cleaned
140,140,0,,0,,,Network_nodes_draft2_Gorbeialdea,B:/QGIS Files Gorbeialdea/Network_nodes_draft2_Gorbeialdea.gpkg|layername=cleaned
141,141,0,,0,,,Network_nodes_draft2_Gorbeialdea,B:/QGIS Files Gorbeialdea/Network_nodes_draft2_Gorbeialdea.gpkg|layername=cleaned
142,142,0,,0,,,Network_nodes_draft2_Gorbeialdea,B:/QGIS Files Gorbeialdea/Network_nodes_draft2_Gorbeialdea.gpkg|layername=cleaned
143,143,0,,0,,,Network_nodes_draft2_Gorbeialdea,B:/QGIS Files Gorbeialdea/Network_nodes_draft2_Gorbeialdea.gpkg|layername=cleaned
144,144,0,,0,,,Network_nodes_draft2_Gorbeialdea,B:/QGIS Files Gorbeialdea/Network_nodes_draft2_Gorbeialdea.gpkg|layername=cleaned
145,145,0,,0,,,Network_nodes_draft2_Gorbeialdea,B:/QGIS Files Gorbeialdea/Network_nodes_draft2_Gorbeialdea.gpkg|layername=cleaned
146,146,0,,0,,,Network_nodes_draft2_Gorbeialdea,B:/QGIS Files Gorbeialdea/Network_nodes_draft2_Gorbeialdea.gpkg|layername=cleaned
147,147,0,,0,,,Network_nodes_draft2_Gorbeialdea,B:/QGIS Files Gorbeialdea/Network_nodes_draft2_Gorbeialdea.gpkg|layername=cleaned
148,148,0,,0,,,Network_nodes_draft2_Gorbeialdea,B:/QGIS Files Gorbeialdea/Network_nodes_draft2_Gorbeialdea.gpkg|layername=cleaned
149,149,0,,0,,,Network_nodes_draft2_Gorbeialdea,B:/QGIS Files Gorbeialdea/Network_nodes_draft2_Gorbeialdea.gpkg|layername=cleaned
150,150,0,,0,,,Network_nodes_draft2_Gorbeialdea,B:/QGIS Files Gorbeialdea/Network_nodes_draft2_Gorbeialdea.gpkg|layername=cleaned
151,151,0,,0,,,Network_nodes_draft2_Gorbeialdea,B:/QGIS Files Gorbeialdea/Network_nodes_draft2_Gorbeialdea.gpkg|layername=cleaned
152,152,0,,0,,,Network_nodes_draft2_Gorbeialdea,B:/QGIS Files Gorbeialdea/Network_nodes_draft2_Gorbeialdea.gpkg|layername=cleaned
153,153,0,,0,,,Network_nodes_draft2_Gorbeialdea,B:/QGIS Files Gorbeialdea/Network_nodes_draft2_Gorbeialdea.gpkg|layername=cleaned
155,155,0,,0,,,Network_nodes_draft2_Gorbeialdea,B:/QGIS Files Gorbeialdea/Network_nodes_draft2_Gorbeialdea.gpkg|layername=cleaned
156,156,0,,0,,,Network_nodes_draft2_Gorbeialdea,B:/QGIS Files Gorbeialdea/Network_nodes_draft2_Gorbeialdea.gpkg|layername=cleaned
157,157,0,,0,,,Network_nodes_draft2_Gorbeialdea,B:/QGIS Files Gorbeialdea/Network_nodes_draft2_Gorbeialdea.gpkg|layername=cleaned
158,158,0,,0,,,Network_nodes_draft2_Gorbeialdea,B:/QGIS Files Gorbeialdea/Network_nodes_draft2_Gorbeialdea.gpkg|layername=cleaned
159,159,0,,0,,,Network_nodes_draft2_Gorbeialdea,B:/QGIS Files Gorbeialdea/Network_nodes_draft2_Gorbeialdea.gpkg|layername=cleaned
160,160,0,,0,,,Network_nodes_draft2_Gorbeialdea,B:/QGIS Files Gorbeialdea/Network_nodes_draft2_Gorbeialdea.gpkg|layername=cleaned
161,161,0,,0,,,Network_nodes_draft2_Gorbeialdea,B:/QGIS Files Gorbeialdea/Network_nodes_draft2_Gorbeialdea.gpkg|layername=cleaned
162,162,0,,0,,,Network_nodes_draft2_Gorbeialdea,B:/QGIS Files Gorbeialdea/Network_nodes_draft2_Gorbeialdea.gpkg|layername=cleaned
163,163,0,,0,,,Network_nodes_draft2_Gorbeialdea,B:/QGIS Files Gorbeialdea/Network_nodes_draft2_Gorbeialdea.gpkg|layername=cleaned
164,164,1,external,1,60-1,4,Network_nodes_draft2_Gorbeialdea,B:/QGIS Files Gorbeialdea/Network_nodes_draft2_Gorbeialdea.gpkg|layername=cleaned
165,165,0,,0,,,Network_nodes_draft2_Gorbeialdea,B:/QGIS Files Gorbeialdea/Network_nodes_draft2_Gorbeialdea.gpkg|layername=cleaned
166,166,0,,0,,,Network_nodes_draft2_Gorbeialdea,B:/QGIS Files Gorbeialdea/Network_nodes_draft2_Gorbeialdea.gpkg|layername=cleaned
167,167,0,,0,,,Network_nodes_draft2_Gorbeialdea,B:/QGIS Files Gorbeialdea/Network_nodes_draft2_Gorbeialdea.gpkg|layername=cleaned
168,168,0,,0,,,Network_nodes_draft2_Gorbeialdea,B:/QGIS Files Gorbeialdea/Network_nodes_draft2_Gorbeialdea.gpkg|layername=cleaned
169,169,0,,0,,,Network_nodes_draft2_Gorbeialdea,B:/QGIS Files Gorbeialdea/Network_nodes_draft2_Gorbeialdea.gpkg|layername=cleaned
170,170,0,,0,,,Network_nodes_draft2_Gorbeialdea,B:/QGIS Files Gorbeialdea/Network_nodes_draft2_Gorbeialdea.gpkg|layername=cleaned
171,171,0,,0,,,Network_nodes_draft2_Gorbeialdea,B:/QGIS Files Gorbeialdea/Network_nodes_draft2_Gorbeialdea.gpkg|layername=cleaned
172,172,1,external,0,,8,Network_nodes_draft2_Gorbeialdea,B:/QGIS Files Gorbeialdea/Network_nodes_draft2_Gorbeialdea.gpkg|layername=cleaned
173,173,0,,0,,,Network_nodes_draft2_Gorbeialdea,B:/QGIS Files Gorbeialdea/Network_nodes_draft2_Gorbeialdea.gpkg|layername=cleaned
174,174,0,,0,,,Network_nodes_draft2_Gorbeialdea,B:/QGIS Files Gorbeialdea/Network_nodes_draft2_Gorbeialdea.gpkg|layername=cleaned
176,176,0,,0,,,Network_nodes_draft2_Gorbeialdea,B:/QGIS Files Gorbeialdea/Network_nodes_draft2_Gorbeialdea.gpkg|layername=cleaned
177,177,0,,0,,,Network_nodes_draft2_Gorbeialdea,B:/QGIS Files Gorbeialdea/Network_nodes_draft2_Gorbeialdea.gpkg|layername=cleaned
178,178,1,external,0,,8,Network_nodes_draft2_Gorbeialdea,B:/QGIS Files Gorbeialdea/Network_nodes_draft2_Gorbeialdea.gpkg|layername=cleaned
180,180,0,,0,,,Network_nodes_draft2_Gorbeialdea,B:/QGIS Files Gorbeialdea/Network_nodes_draft2_Gorbeialdea.gpkg|layername=cleaned
181,181,0,,0,,,Network_nodes_draft2_Gorbeialdea,B:/QGIS Files Gorbeialdea/Network_nodes_draft2_Gorbeialdea.gpkg|layername=cleaned
182,182,0,,0,,,Network_nodes_draft2_Gorbeialdea,B:/QGIS Files Gorbeialdea/Network_nodes_draft2_Gorbeialdea.gpkg|layername=cleaned
183,183,0,,0,,,Network_nodes_draft2_Gorbeialdea,B:/QGIS Files Gorbeialdea/Network_nodes_draft2_Gorbeialdea.gpkg|layername=cleaned
184,184,0,,0,,,Network_nodes_draft2_Gorbeialdea,B:/QGIS Files Gorbeialdea/Network_nodes_draft2_Gorbeialdea.gpkg|layername=cleaned
185,185,0,,0,,,Network_nodes_draft2_Gorbeialdea,B:/QGIS Files Gorbeialdea/Network_nodes_draft2_Gorbeialdea.gpkg|layername=cleaned
186,186,0,,0,,,Network_nodes_draft2_Gorbeialdea,B:/QGIS Files Gorbeialdea/Network_nodes_draft2_Gorbeialdea.gpkg|layername=cleaned
187,187,0,,0,,,Network_nodes_draft2_Gorbeialdea,B:/QGIS Files Gorbeialdea/Network_nodes_draft2_Gorbeialdea.gpkg|layername=cleaned
188,188,0,,0,,,Network_nodes_draft2_Gorbeialdea,B:/QGIS Files Gorbeialdea/Network_nodes_draft2_Gorbeialdea.gpkg|layername=cleaned
189,189,0,,0,,,Network_nodes_draft2_Gorbeialdea,B:/QGIS Files Gorbeialdea/Network_nodes_draft2_Gorbeialdea.gpkg|layername=cleaned
190,190,0,,0,,,Network_nodes_draft2_Gorbeialdea,B:/QGIS Files Gorbeialdea/Network_nodes_draft2_Gorbeialdea.gpkg|layername=cleaned
191,191,0,,0,,,Network_nodes_draft2_Gorbeialdea,B:/QGIS Files Gorbeialdea/Network_nodes_draft2_Gorbeialdea.gpkg|layername=cleaned
192,192,0,,0,,,Network_nodes_draft2_Gorbeialdea,B:/QGIS Files Gorbeialdea/Network_nodes_draft2_Gorbeialdea.gpkg|layername=cleaned
193,193,0,,0,,,Network_nodes_draft2_Gorbeialdea,B:/QGIS Files Gorbeialdea/Network_nodes_draft2_Gorbeialdea.gpkg|layername=cleaned
195,195,0,,0,,,Network_nodes_draft2_Gorbeialdea,B:/QGIS Files Gorbeialdea/Network_nodes_draft2_Gorbeialdea.gpkg|layername=cleaned
196,196,0,,0,,,Network_nodes_draft2_Gorbeialdea,B:/QGIS Files Gorbeialdea/Network_nodes_draft2_Gorbeialdea.gpkg|layername=cleaned
197,197,0,,0,,,Network_nodes_draft2_Gorbeialdea,B:/QGIS Files Gorbeialdea/Network_nodes_draft2_Gorbeialdea.gpkg|layername=cleaned
198,198,0,,0,,,Network_nodes_draft2_Gorbeialdea,B:/QGIS Files Gorbeialdea/Network_nodes_draft2_Gorbeialdea.gpkg|layername=cleaned
199,199,0,,0,,,Network_nodes_draft2_Gorbeialdea,B:/QGIS Files Gorbeialdea/Network_nodes_draft2_Gorbeialdea.gpkg|layername=cleaned
200,200,0,,0,,,Network_nodes_draft2_Gorbeialdea,B:/QGIS Files Gorbeialdea/Network_nodes_draft2_Gorbeialdea.gpkg|layername=cleaned
201,201,0,,0,,,Network_nodes_draft2_Gorbeialdea,B:/QGIS Files Gorbeialdea/Network_nodes_draft2_Gorbeialdea.gpkg|layername=cleaned
202,202,0,,0,,,Network_nodes_draft2_Gorbeialdea,B:/QGIS Files Gorbeialdea/Network_nodes_draft2_Gorbeialdea.gpkg|layername=cleaned
203,203,0,,0,,,Network_nodes_draft2_Gorbeialdea,B:/QGIS Files Gorbeialdea/Network_nodes_draft2_Gorbeialdea.gpkg|layername=cleaned
204,204,0,,0,,,Network_nodes_draft2_Gorbeialdea,B:/QGIS Files Gorbeialdea/Network_nodes_draft2_Gorbeialdea.gpkg|layername=cleaned
205,205,0,,0,,,Network_nodes_draft2_Gorbeialdea,B:/QGIS Files Gorbeialdea/Network_nodes_draft2_Gorbeialdea.gpkg|layername=cleaned
206,206,0,,0,,,Network_nodes_draft2_Gorbeialdea,B:/QGIS Files Gorbeialdea/Network_nodes_draft2_Gorbeialdea.gpkg|layername=cleaned
207,207,0,,0,,,Network_nodes_draft2_Gorbeialdea,B:/QGIS Files Gorbeialdea/Network_nodes_draft2_Gorbeialdea.gpkg|layername=cleaned
208,208,0,,0,,,Network_nodes_draft2_Gorbeialdea,B:/QGIS Files Gorbeialdea/Network_nodes_draft2_Gorbeialdea.gpkg|layername=cleaned
209,209,0,,0,,,Network_nodes_draft2_Gorbeialdea,B:/QGIS Files Gorbeialdea/Network_nodes_draft2_Gorbeialdea.gpkg|layername=cleaned
210,210,0,,0,,,Network_nodes_draft2_Gorbeialdea,B:/QGIS Files Gorbeialdea/Network_nodes_draft2_Gorbeialdea.gpkg|layername=cleaned
211,211,0,,0,,,Network_nodes_draft2_Gorbeialdea,B:/QGIS Files Gorbeialdea/Network_nodes_draft2_Gorbeialdea.gpkg|layername=cleaned
212,212,0,,0,,,Network_nodes_draft2_Gorbeialdea,B:/QGIS Files Gorbeialdea/Network_nodes_draft2_Gorbeialdea.gpkg|layername=cleaned
213,213,0,,0,,,Network_nodes_draft2_Gorbeialdea,B:/QGIS Files Gorbeialdea/Network_nodes_draft2_Gorbeialdea.gpkg|layername=cleaned
214,214,0,,0,,,Network_nodes_draft2_Gorbeialdea,B:/QGIS Files Gorbeialdea/Network_nodes_draft2_Gorbeialdea.gpkg|layername=cleaned
215,215,0,,0,,,Network_nodes_draft2_Gorbeialdea,B:/QGIS Files Gorbeialdea/Network_nodes_draft2_Gorbeialdea.gpkg|layername=cleaned
216,216,0,,0,,,Network_nodes_draft2_Gorbeialdea,B:/QGIS Files Gorbeialdea/Network_nodes_draft2_Gorbeialdea.gpkg|layername=cleaned
217,217,0,,0,,,Network_nodes_draft2_Gorbeialdea,B:/QGIS Files Gorbeialdea/Network_nodes_draft2_Gorbeialdea.gpkg|layername=cleaned
218,218,0,,0,,,Network_nodes_draft2_Gorbeialdea,B:/QGIS Files Gorbeialdea/Network_nodes_draft2_Gorbeialdea.gpkg|layername=cleaned
219,219,0,,0,,,Network_nodes_draft2_Gorbeialdea,B:/QGIS Files Gorbeialdea/Network_nodes_draft2_Gorbeialdea.gpkg|layername=cleaned
220,220,0,,0,,,Network_nodes_draft2_Gorbeialdea,B:/QGIS Files Gorbeialdea/Network_nodes_draft2_Gorbeialdea.gpkg|layername=cleaned
221,221,0,,0,,,Network_nodes_draft2_Gorbeialdea,B:/QGIS Files Gorbeialdea/Network_nodes_draft2_Gorbeialdea.gpkg|layername=cleaned
222,222,0,,0,,,Network_nodes_draft2_Gorbeialdea,B:/QGIS Files Gorbeialdea/Network_nodes_draft2_Gorbeialdea.gpkg|layername=cleaned
223,223,0,,0,,,Network_nodes_draft2_Gorbeialdea,B:/QGIS Files Gorbeialdea/Network_nodes_draft2_Gorbeialdea.gpkg|layername=cleaned
224,224,0,,0,,,Network_nodes_draft2_Gorbeialdea,B:/QGIS Files Gorbeialdea/Network_nodes_draft2_Gorbeialdea.gpkg|layername=cleaned
225,225,0,,0,,,Network_nodes_draft2_Gorbeialdea,B:/QGIS Files Gorbeialdea/Network_nodes_draft2_Gorbeialdea.gpkg|layername=cleaned
226,226,0,,0,,,Network_nodes_draft2_Gorbeialdea,B:/QGIS Files Gorbeialdea/Network_nodes_draft2_Gorbeialdea.gpkg|layername=cleaned
227,227,0,,0,,,Network_nodes_draft2_Gorbeialdea,B:/QGIS Files Gorbeialdea/Network_nodes_draft2_Gorbeialdea.gpkg|layername=cleaned
228,228,0,,0,,,Network_nodes_draft2_Gorbeialdea,B:/QGIS Files Gorbeialdea/Network_nodes_draft2_Gorbeialdea.gpkg|layername=cleaned
229,229,0,,0,,,Network_nodes_draft2_Gorbeialdea,B:/QGIS Files Gorbeialdea/Network_nodes_draft2_Gorbeialdea.gpkg|layername=cleaned
230,230,0,,0,,,Network_nodes_draft2_Gorbeialdea,B:/QGIS Files Gorbeialdea/Network_nodes_draft2_Gorbeialdea.gpkg|layername=cleaned
231,231,0,,0,,,Network_nodes_draft2_Gorbeialdea,B:/QGIS Files Gorbeialdea/Network_nodes_draft2_Gorbeialdea.gpkg|layername=cleaned
232,232,0,,0,,,Network_nodes_draft2_Gorbeialdea,B:/QGIS Files Gorbeialdea/Network_nodes_draft2_Gorbeialdea.gpkg|layername=cleaned
233,233,0,,0,,,Network_nodes_draft2_Gorbeialdea,B:/QGIS Files Gorbeialdea/Network_nodes_draft2_Gorbeialdea.gpkg|layername=cleaned
234,234,0,,0,,,Network_nodes_draft2_Gorbeialdea,B:/QGIS Files Gorbeialdea/Network_nodes_draft2_Gorbeialdea.gpkg|layername=cleaned
235,235,0,,0,,,Network_nodes_draft2_Gorbeialdea,B:/QGIS Files Gorbeialdea/Network_nodes_draft2_Gorbeialdea.gpkg|layername=cleaned
237,237,0,,0,,,Network_nodes_draft2_Gorbeialdea,B:/QGIS Files Gorbeialdea/Network_nodes_draft2_Gorbeialdea.gpkg|layername=cleaned
238,238,0,,0,,,Network_nodes_draft2_Gorbeialdea,B:/QGIS Files Gorbeialdea/Network_nodes_draft2_Gorbeialdea.gpkg|layername=cleaned
240,240,0,,0,,,Network_nodes_draft2_Gorbeialdea,B:/QGIS Files Gorbeialdea/Network_nodes_draft2_Gorbeialdea.gpkg|layername=cleaned
241,241,0,,0,,,Network_nodes_draft2_Gorbeialdea,B:/QGIS Files Gorbeialdea/Network_nodes_draft2_Gorbeialdea.gpkg|layername=cleaned
242,242,0,,0,,,Network_nodes_draft2_Gorbeialdea,B:/QGIS Files Gorbeialdea/Network_nodes_draft2_Gorbeialdea.gpkg|layername=cleaned
243,243,0,,0,,,Network_nodes_draft2_Gorbeialdea,B:/QGIS Files Gorbeialdea/Network_nodes_draft2_Gorbeialdea.gpkg|layername=cleaned
244,244,0,,0,,,Network_nodes_draft2_Gorbeialdea,B:/QGIS Files Gorbeialdea/Network_nodes_draft2_Gorbeialdea.gpkg|layername=cleaned
245,245,0,,0,,,Network_nodes_draft2_Gorbeialdea,B:/QGIS Files Gorbeialdea/Network_nodes_draft2_Gorbeialdea.gpkg|layername=cleaned
246,246,0,,0,,,Network_nodes_draft2_Gorbeialdea,B:/QGIS Files Gorbeialdea/Network_nodes_draft2_Gorbeialdea.gpkg|layername=cleaned
247,247,0,,0,,,Network_nodes_draft2_Gorbeialdea,B:/QGIS Files Gorbeialdea/Network_nodes_draft2_Gorbeialdea.gpkg|layername=cleaned
248,248,0,,0,,,Network_nodes_draft2_Gorbeialdea,B:/QGIS Files Gorbeialdea/Network_nodes_draft2_Gorbeialdea.gpkg|layername=cleaned
249,249,0,,0,,,Network_nodes_draft2_Gorbeialdea,B:/QGIS Files Gorbeialdea/Network_nodes_draft2_Gorbeialdea.gpkg|layername=cleaned
250,250,0,,0,,,Network_nodes_draft2_Gorbeialdea,B:/QGIS Files Gorbeialdea/Network_nodes_draft2_Gorbeialdea.gpkg|layername=cleaned
251,251,0,,0,,,Network_nodes_draft2_Gorbeialdea,B:/QGIS Files Gorbeialdea/Network_nodes_draft2_Gorbeialdea.gpkg|layername=cleaned
252,252,0,,0,,,Network_nodes_draft2_Gorbeialdea,B:/QGIS Files Gorbeialdea/Network_nodes_draft2_Gorbeialdea.gpkg|layername=cleaned
253,253,0,,0,,,Network_nodes_draft2_Gorbeialdea,B:/QGIS Files Gorbeialdea/Network_nodes_draft2_Gorbeialdea.gpkg|layername=cleaned
254,254,0,,0,,,Network_nodes_draft2_Gorbeialdea,B:/QGIS Files Gorbeialdea/Network_nodes_draft2_Gorbeialdea.gpkg|layername=cleaned
255,255,0,,0,,,Network_nodes_draft2_Gorbeialdea,B:/QGIS Files Gorbeialdea/Network_nodes_draft2_Gorbeialdea.gpkg|layername=cleaned
256,256,0,,0,,,Network_nodes_draft2_Gorbeialdea,B:/QGIS Files Gorbeialdea/Network_nodes_draft2_Gorbeialdea.gpkg|layername=cleaned
257,257,0,,0,,,Network_nodes_draft2_Gorbeialdea,B:/QGIS Files Gorbeialdea/Network_nodes_draft2_Gorbeialdea.gpkg|layername=cleaned
258,258,0,,0,,,Network_nodes_draft2_Gorbeialdea,B:/QGIS Files Gorbeialdea/Network_nodes_draft2_Gorbeialdea.gpkg|layername=cleaned
259,259,0,,0,,,Network_nodes_draft2_Gorbeialdea,B:/QGIS Files Gorbeialdea/Network_nodes_draft2_Gorbeialdea.gpkg|layername=cleaned
260,260,0,,0,,,Network_nodes_draft2_Gorbeialdea,B:/QGIS Files Gorbeialdea/Network_nodes_draft2_Gorbeialdea.gpkg|layername=cleaned
261,261,0,,0,,,Network_nodes_draft2_Gorbeialdea,B:/QGIS Files Gorbeialdea/Network_nodes_draft2_Gorbeialdea.gpkg|layername=cleaned
262,262,0,,0,,,Network_nodes_draft2_Gorbeialdea,B:/QGIS Files Gorbeialdea/Network_nodes_draft2_Gorbeialdea.gpkg|layername=cleaned
263,263,0,,0,,,Network_nodes_draft2_Gorbeialdea,B:/QGIS Files Gorbeialdea/Network_nodes_draft2_Gorbeialdea.gpkg|layername=cleaned
264,264,0,,0,,,Network_nodes_draft2_Gorbeialdea,B:/QGIS Files Gorbeialdea/Network_nodes_draft2_Gorbeialdea.gpkg|layername=cleaned
265,265,0,,0,,,Network_nodes_draft2_Gorbeialdea,B:/QGIS Files Gorbeialdea/Network_nodes_draft2_Gorbeialdea.gpkg|layername=cleaned
266,266,0,,0,,,Network_nodes_draft2_Gorbeialdea,B:/QGIS Files Gorbeialdea/Network_nodes_draft2_Gorbeialdea.gpkg|layername=cleaned
267,267,0,,0,,,Network_nodes_draft2_Gorbeialdea,B:/QGIS Files Gorbeialdea/Network_nodes_draft2_Gorbeialdea.gpkg|layername=cleaned
268,268,0,,0,,,Network_nodes_draft2_Gorbeialdea,B:/QGIS Files Gorbeialdea/Network_nodes_draft2_Gorbeialdea.gpkg|layername=cleaned
269,269,0,,0,,,Network_nodes_draft2_Gorbeialdea,B:/QGIS Files Gorbeialdea/Network_nodes_draft2_Gorbeialdea.gpkg|layername=cleaned
270,270,0,,0,,,Network_nodes_draft2_Gorbeialdea,B:/QGIS Files Gorbeialdea/Network_nodes_draft2_Gorbeialdea.gpkg|layername=cleaned
271,271,0,,0,,,Network_nodes_draft2_Gorbeialdea,B:/QGIS Files Gorbeialdea/Network_nodes_draft2_Gorbeialdea.gpkg|layername=cleaned
272,272,0,,0,,,Network_nodes_draft2_Gorbeialdea,B:/QGIS Files Gorbeialdea/Network_nodes_draft2_Gorbeialdea.gpkg|layername=cleaned
274,274,0,,0,,,Network_nodes_draft2_Gorbeialdea,B:/QGIS Files Gorbeialdea/Network_nodes_draft2_Gorbeialdea.gpkg|layername=cleaned
275,275,0,,0,,,Network_nodes_draft2_Gorbeialdea,B:/QGIS Files Gorbeialdea/Network_nodes_draft2_Gorbeialdea.gpkg|layername=cleaned
276,276,0,,0,,,Network_nodes_draft2_Gorbeialdea,B:/QGIS Files Gorbeialdea/Network_nodes_draft2_Gorbeialdea.gpkg|layername=cleaned
277,277,0,,0,,,Network_nodes_draft2_Gorbeialdea,B:/QGIS Files Gorbeialdea/Network_nodes_draft2_Gorbeialdea.gpkg|layername=cleaned
279,279,0,,0,,,Network_nodes_draft2_Gorbeialdea,B:/QGIS Files Gorbeialdea/Network_nodes_draft2_Gorbeialdea.gpkg|layername=cleaned
280,280,0,,0,,,Network_nodes_draft2_Gorbeialdea,B:/QGIS Files Gorbeialdea/Network_nodes_draft2_Gorbeialdea.gpkg|layername=cleaned
281,281,0,,0,,,Network_nodes_draft2_Gorbeialdea,B:/QGIS Files Gorbeialdea/Network_nodes_draft2_Gorbeialdea.gpkg|layername=cleaned
282,282,0,,0,,,Network_nodes_draft2_Gorbeialdea,B:/QGIS Files Gorbeialdea/Network_nodes_draft2_Gorbeialdea.gpkg|layername=cleaned
283,283,0,,0,,,Network_nodes_draft2_Gorbeialdea,B:/QGIS Files Gorbeialdea/Network_nodes_draft2_Gorbeialdea.gpkg|layername=cleaned
284,284,0,,0,,,Network_nodes_draft2_Gorbeialdea,B:/QGIS Files Gorbeialdea/Network_nodes_draft2_Gorbeialdea.gpkg|layername=cleaned
285,285,0,,0,,,Network_nodes_draft2_Gorbeialdea,B:/QGIS Files Gorbeialdea/Network_nodes_draft2_Gorbeialdea.gpkg|layername=cleaned
287,287,0,,0,,,Network_nodes_draft2_Gorbeialdea,B:/QGIS Files Gorbeialdea/Network_nodes_draft2_Gorbeialdea.gpkg|layername=cleaned
288,288,0,,0,,,Network_nodes_draft2_Gorbeialdea,B:/QGIS Files Gorbeialdea/Network_nodes_draft2_Gorbeialdea.gpkg|layername=cleaned
289,289,0,,0,,,Network_nodes_draft2_Gorbeialdea,B:/QGIS Files Gorbeialdea/Network_nodes_draft2_Gorbeialdea.gpkg|layername=cleaned
290,290,0,,0,,,Network_nodes_draft2_Gorbeialdea,B:/QGIS Files Gorbeialdea/Network_nodes_draft2_Gorbeialdea.gpkg|layername=cleaned
292,292,0,,0,,,Network_nodes_draft2_Gorbeialdea,B:/QGIS Files Gorbeialdea/Network_nodes_draft2_Gorbeialdea.gpkg|layername=cleaned
294,294,0,,0,,,Network_nodes_draft2_Gorbeialdea,B:/QGIS Files Gorbeialdea/Network_nodes_draft2_Gorbeialdea.gpkg|layername=cleaned
295,295,0,,0,,,Network_nodes_draft2_Gorbeialdea,B:/QGIS Files Gorbeialdea/Network_nodes_draft2_Gorbeialdea.gpkg|layername=cleaned
296,296,0,,0,,,Network_nodes_draft2_Gorbeialdea,B:/QGIS Files Gorbeialdea/Network_nodes_draft2_Gorbeialdea.gpkg|layername=cleaned
297,297,0,,0,,,Network_nodes_draft2_Gorbeialdea,B:/QGIS Files Gorbeialdea/Network_nodes_draft2_Gorbeialdea.gpkg|layername=cleaned
298,298,0,,0,,,Network_nodes_draft2_Gorbeialdea,B:/QGIS Files Gorbeialdea/Network_nodes_draft2_Gorbeialdea.gpkg|layername=cleaned
299,299,0,,0,,,Network_nodes_draft2_Gorbeialdea,B:/QGIS Files Gorbeialdea/Network_nodes_draft2_Gorbeialdea.gpkg|layername=cleaned
300,300,0,,0,,,Network_nodes_draft2_Gorbeialdea,B:/QGIS Files Gorbeialdea/Network_nodes_draft2_Gorbeialdea.gpkg|layername=cleaned
301,301,0,,0,,,Network_nodes_draft2_Gorbeialdea,B:/QGIS Files Gorbeialdea/Network_nodes_draft2_Gorbeialdea.gpkg|layername=cleaned
302,302,0,,0,,,Network_nodes_draft2_Gorbeialdea,B:/QGIS Files Gorbeialdea/Network_nodes_draft2_Gorbeialdea.gpkg|layername=cleaned
303,303,0,,0,,,Network_nodes_draft2_Gorbeialdea,B:/QGIS Files Gorbeialdea/Network_nodes_draft2_Gorbeialdea.gpkg|layername=cleaned
304,304,0,,0,,,Network_nodes_draft2_Gorbeialdea,B:/QGIS Files Gorbeialdea/Network_nodes_draft2_Gorbeialdea.gpkg|layername=cleaned
305,305,0,,0,,,Network_nodes_draft2_Gorbeialdea,B:/QGIS Files Gorbeialdea/Network_nodes_draft2_Gorbeialdea.gpkg|layername=cleaned
306,306,0,,0,,,Network_nodes_draft2_Gorbeialdea,B:/QGIS Files Gorbeialdea/Network_nodes_draft2_Gorbeialdea.gpkg|layername=cleaned
307,307,0,,0,,,Network_nodes_draft2_Gorbeialdea,B:/QGIS Files Gorbeialdea/Network_nodes_draft2_Gorbeialdea.gpkg|layername=cleaned
308,308,0,,0,,,Network_nodes_draft2_Gorbeialdea,B:/QGIS Files Gorbeialdea/Network_nodes_draft2_Gorbeialdea.gpkg|layername=cleaned
309,309,0,,0,,,Network_nodes_draft2_Gorbeialdea,B:/QGIS Files Gorbeialdea/Network_nodes_draft2_Gorbeialdea.gpkg|layername=cleaned
310,310,0,,0,,,Network_nodes_draft2_Gorbeialdea,B:/QGIS Files Gorbeialdea/Network_nodes_draft2_Gorbeialdea.gpkg|layername=cleaned
311,311,0,,0,,,Network_nodes_draft2_Gorbeialdea,B:/QGIS Files Gorbeialdea/Network_nodes_draft2_Gorbeialdea.gpkg|layername=cleaned
312,312,0,,0,,,Network_nodes_draft2_Gorbeialdea,B:/QGIS Files Gorbeialdea/Network_nodes_draft2_Gorbeialdea.gpkg|layername=cleaned
313,313,0,,0,,,Network_nodes_draft2_Gorbeialdea,B:/QGIS Files Gorbeialdea/Network_nodes_draft2_Gorbeialdea.gpkg|layername=cleaned
317,317,0,,0,,,Network_nodes_draft2_Gorbeialdea,B:/QGIS Files Gorbeialdea/Network_nodes_draft2_Gorbeialdea.gpkg|layername=cleaned
318,318,0,,0,,,Network_nodes_draft2_Gorbeialdea,B:/QGIS Files Gorbeialdea/Network_nodes_draft2_Gorbeialdea.gpkg|layername=cleaned
319,319,0,,0,,,Network_nodes_draft2_Gorbeialdea,B:/QGIS Files Gorbeialdea/Network_nodes_draft2_Gorbeialdea.gpkg|layername=cleaned
320,320,0,,0,,,Network_nodes_draft2_Gorbeialdea,B:/QGIS Files Gorbeialdea/Network_nodes_draft2_Gorbeialdea.gpkg|layername=cleaned
321,321,1,external,0,,6,Network_nodes_draft2_Gorbeialdea,B:/QGIS Files Gorbeialdea/Network_nodes_draft2_Gorbeialdea.gpkg|layername=cleaned
322,322,1,external,0,,,Network_nodes_draft2_Gorbeialdea,B:/QGIS Files Gorbeialdea/Network_nodes_draft2_Gorbeialdea.gpkg|layername=cleaned
323,323,0,,0,,,Network_nodes_draft2_Gorbeialdea,B:/QGIS Files Gorbeialdea/Network_nodes_draft2_Gorbeialdea.gpkg|layername=cleaned
324,324,0,,0,,,Network_nodes_draft2_Gorbeialdea,B:/QGIS Files Gorbeialdea/Network_nodes_draft2_Gorbeialdea.gpkg|layername=cleaned
325,325,0,,0,,,Network_nodes_draft2_Gorbeialdea,B:/QGIS Files Gorbeialdea/Network_nodes_draft2_Gorbeialdea.gpkg|layername=cleaned
326,326,0,,0,,,Network_nodes_draft2_Gorbeialdea,B:/QGIS Files Gorbeialdea/Network_nodes_draft2_Gorbeialdea.gpkg|layername=cleaned
327,327,0,,0,,,Network_nodes_draft2_Gorbeialdea,B:/QGIS Files Gorbeialdea/Network_nodes_draft2_Gorbeialdea.gpkg|layername=cleaned
328,328,0,,0,,,Network_nodes_draft2_Gorbeialdea,B:/QGIS Files Gorbeialdea/Network_nodes_draft2_Gorbeialdea.gpkg|layername=cleaned
329,329,0,,0,,,Network_nodes_draft2_Gorbeialdea,B:/QGIS Files Gorbeialdea/Network_nodes_draft2_Gorbeialdea.gpkg|layername=cleaned
330,330,0,,0,,,Network_nodes_draft2_Gorbeialdea,B:/QGIS Files Gorbeialdea/Network_nodes_draft2_Gorbeialdea.gpkg|layername=cleaned
331,331,0,,0,,,Network_nodes_draft2_Gorbeialdea,B:/QGIS Files Gorbeialdea/Network_nodes_draft2_Gorbeialdea.gpkg|layername=cleaned
332,332,0,,0,,,Network_nodes_draft2_Gorbeialdea,B:/QGIS Files Gorbeialdea/Network_nodes_draft2_Gorbeialdea.gpkg|layername=cleaned
333,333,0,,0,,,Network_nodes_draft2_Gorbeialdea,B:/QGIS Files Gorbeialdea/Network_nodes_draft2_Gorbeialdea.gpkg|layername=cleaned
334,334,0,,0,,,Network_nodes_draft2_Gorbeialdea,B:/QGIS Files Gorbeialdea/Network_nodes_draft2_Gorbeialdea.gpkg|layername=cleaned
335,335,0,,0,,,Network_nodes_draft2_Gorbeialdea,B:/QGIS Files Gorbeialdea/Network_nodes_draft2_Gorbeialdea.gpkg|layername=cleaned
336,336,0,,0,,,Network_nodes_draft2_Gorbeialdea,B:/QGIS Files Gorbeialdea/Network_nodes_draft2_Gorbeialdea.gpkg|layername=cleaned
337,337,0,,0,,,Network_nodes_draft2_Gorbeialdea,B:/QGIS Files Gorbeialdea/Network_nodes_draft2_Gorbeialdea.gpkg|layername=cleaned
338,338,0,,0,,,Network_nodes_draft2_Gorbeialdea,B:/QGIS Files Gorbeialdea/Network_nodes_draft2_Gorbeialdea.gpkg|layername=cleaned
339,339,0,,0,,,Network_nodes_draft2_Gorbeialdea,B:/QGIS Files Gorbeialdea/Network_nodes_draft2_Gorbeialdea.gpkg|layername=cleaned
340,340,0,,1,101-1,,,
341,341,0,,0,,,,
343,7,1,external,0,,8,,
